"day","posts","score","comments"
2017-08-01,374,4904,2337
2017-08-02,394,2240,2002
2017-08-03,345,2136,1662
2017-08-04,328,2526,1726
2017-08-05,291,2526,1773
2017-08-06,236,1450,1442
2017-08-07,364,2816,1700
2017-08-08,379,3236,1636
2017-08-09,331,2118,1191
2017-08-10,377,3802,1852
2017-08-11,408,2688,2123
2017-08-12,297,1922,1783
2017-08-13,315,3331,2650
2017-08-14,425,4298,2553
2017-08-15,463,4191,2485
2017-08-16,430,3554,2763
2017-08-17,480,3994,2619
2017-08-18,478,4427,2528
2017-08-19,309,2360,4234
2017-08-20,336,3670,1766
2017-08-21,474,3046,2062
2017-08-22,507,4664,2191
2017-08-23,489,4383,2569
2017-08-24,449,4551,2367
2017-08-25,480,4240,3378
2017-08-26,341,13181,2306
2017-08-27,367,3914,2370
2017-08-28,486,6350,2472
2017-08-29,566,6354,2900
2017-08-30,527,6340,2969
2017-08-31,529,5480,3270
2017-09-01,605,7372,4298
2017-09-02,410,5676,3460
2017-09-03,420,4852,2921
2017-09-04,648,8569,3911
2017-09-05,555,8680,2988
2017-09-06,537,5871,3309
2017-09-07,558,6308,3185
2017-09-08,594,5687,3885
2017-09-09,397,5829,2488
2017-09-10,392,9014,2789
2017-09-11,525,6334,2645
2017-09-12,590,7235,3246
2017-09-13,626,10849,3379
2017-09-14,619,8666,3610
2017-09-15,667,15421,4088
2017-09-16,365,6878,2577
2017-09-17,284,5374,2262
2017-09-18,447,5939,3669
2017-09-19,433,4856,2387
2017-09-20,464,3222,2448
2017-09-21,495,7192,3139
2017-09-22,453,4520,2133
2017-09-23,318,5284,2107
2017-09-24,328,3993,2150
2017-09-25,504,5648,2629
2017-09-26,519,5609,3105
2017-09-27,537,5163,2701
2017-09-28,529,5973,2814
2017-09-29,497,5738,2761
2017-09-30,379,6039,2012
2017-10-02,535,5561,2956
2017-10-01,357,4881,2463
2017-10-03,567,7129,3221
2017-10-04,593,8452,3973
2017-10-07,386,4500,2577
2017-10-05,556,4471,2846
2017-10-06,515,4780,3325
2017-10-10,599,5259,2828
2017-10-09,544,6999,3074
2017-10-12,616,6260,3167
2017-10-14,398,4987,3207
2017-10-13,555,7626,3158
2017-10-11,569,5377,2787
2017-10-08,412,6325,2935
2017-10-18,608,6446,3020
2017-10-17,602,6901,3538
2017-10-15,399,8487,2405
2017-10-16,627,6861,3192
2017-10-19,587,6118,3382
2017-10-20,595,5309,3157
2017-10-21,463,5005,3402
2017-10-23,726,7579,3493
2017-10-22,454,5092,4452
2017-10-26,592,4910,3349
2017-10-27,583,7515,4660
2017-10-30,604,4763,3393
2017-10-24,806,8224,4407
2017-10-28,430,5723,2940
2017-10-29,467,3989,2868
2017-10-25,663,8576,3985
2017-10-31,657,6502,3598
2017-11-02,817,7633,5388
2017-11-05,469,5381,3621
2017-11-10,774,8162,4948
2017-11-03,738,9781,3964
2017-11-01,664,5848,3857
2017-11-07,657,6467,3251
2017-11-15,833,8061,5046
2017-11-16,830,9509,4444
2017-11-04,483,5782,3478
2017-11-06,644,8501,3940
2017-11-20,841,9399,5946
2017-11-08,808,13629,5560
2017-11-09,818,8409,5565
2017-11-11,676,7241,4055
2017-11-23,841,12385,5782
2017-11-24,708,9615,4758
2017-11-12,763,8806,7027
2017-11-14,802,10660,5780
2017-11-13,763,17727,4446
2017-11-26,793,9086,5678
2017-11-17,762,9554,5063
2017-11-21,963,13675,6902
2017-11-18,564,9388,4611
2017-11-29,1365,22937,9866
2017-11-19,568,9283,5217
2017-11-22,880,15294,5508
2017-11-27,1010,17186,7259
2017-11-25,663,9424,5592
2017-11-28,1125,15617,7562
2017-11-30,1086,16070,7157
2017-12-23,1303,35587,13522
2017-12-18,1517,29227,10863
2017-12-20,1904,49856,17948
2017-12-26,1244,28618,13541
2017-12-14,1589,27777,10129
2017-12-19,1715,36653,13487
2017-12-27,1584,42779,15326
2017-12-28,1486,35411,17208
2017-12-21,1616,23942,14628
2017-12-16,1170,13300,7123
2017-12-17,1124,21576,10419
2017-12-25,1036,42819,13861
2017-12-24,1029,24886,11615
2017-12-29,1738,38660,19578
2017-12-13,1574,20487,10964
2017-12-15,1399,35462,10567
2017-12-22,2303,83559,18996
2017-12-31,1383,34661,15595
2017-12-12,1612,38448,11087
2017-12-30,1672,50347,18898
2017-12-03,855,5747,5001
2017-12-04,1177,13992,7727
2017-12-07,1468,39168,10216
2017-12-11,1215,20195,9120
2017-12-09,999,24428,7057
2017-12-06,1328,13560,8528
2017-12-02,768,15487,5789
2017-12-01,952,13346,6569
2017-12-08,1283,15881,7098
2017-12-10,958,19837,7163
2017-12-05,1258,24966,8359
2018-01-19,1859,46633,22901
2018-01-16,3391,154210,44036
2018-01-27,1216,37994,15057
2018-01-25,1703,77661,22893
2018-01-22,1627,60302,22593
2018-01-29,1474,50877,19189
2018-01-15,1986,51195,21889
2018-01-18,2520,89496,29299
2018-01-11,2569,95543,29201
2018-01-21,1303,41021,18930
2018-01-05,2606,72584,33447
2018-01-07,2368,51284,23833
2018-01-04,2667,80922,32333
2018-01-28,1180,38016,17096
2018-01-01,1230,36928,17839
2018-01-14,1754,51298,18184
2018-01-20,1570,68418,22752
2018-01-26,1480,76081,18060
2018-01-02,1894,53599,22767
2018-01-12,2087,67032,24215
2018-01-06,2279,70685,27328
2018-01-03,2349,61237,27105
2018-01-13,1906,37962,19920
2018-01-30,1722,55989,25092
2018-01-17,3680,136224,43145
2018-01-31,1795,61224,20962
2018-01-23,1796,53349,20278
2018-01-10,2505,91095,29251
2018-01-08,2667,118942,38494
2018-01-24,1773,50824,20669
2018-01-09,2510,78420,22087
2018-02-18,951,41613,13358
2018-02-24,794,30429,12424
2018-02-25,749,27288,9697
2018-02-02,2163,67836,28817
2018-02-11,1119,47827,14806
2018-02-05,1953,82039,30127
2018-02-04,1098,37913,15652
2018-02-16,1219,61290,14583
2018-02-13,1195,47172,14581
2018-02-17,948,48722,12676
2018-02-03,1261,65577,17362
2018-02-10,1141,38681,15139
2018-02-09,1341,59456,20238
2018-02-06,2319,99896,27702
2018-02-15,1212,44850,17499
2018-02-08,1396,53002,19961
2018-02-07,1586,62265,21344
2018-02-28,1081,46602,13778
2018-02-22,1151,31180,14550
2018-02-27,1062,34601,11906
2018-02-14,1255,40819,15783
2018-02-12,1238,45823,15051
2018-02-21,1184,35882,15768
2018-02-19,1124,43979,13212
2018-02-23,1029,32212,13285
2018-02-01,1943,86553,28344
2018-02-20,1190,36727,15359
2018-02-26,1058,30136,11541
2018-03-10,668,19886,7363
2018-03-04,696,30778,9540
2018-03-17,655,14943,9028
2018-03-31,609,14185,7339
2018-03-03,719,29796,8181
2018-03-11,690,43397,9265
2018-03-02,975,25185,11415
2018-03-24,583,14032,7374
2018-03-16,966,26622,10256
2018-03-18,804,23060,12481
2018-03-28,849,21400,10587
2018-03-13,957,22349,9446
2018-03-15,1092,37445,12201
2018-03-14,1046,24407,11924
2018-03-29,886,16746,11008
2018-03-25,602,16763,6875
2018-03-12,955,21429,9784
2018-03-08,1017,45820,13826
2018-03-09,1167,34242,14230
2018-03-01,1161,32300,13330
2018-03-30,883,11302,4789
2018-03-19,906,34193,9699
2018-03-05,992,42453,10956
2018-03-22,796,20644,9141
2018-03-26,807,18894,10549
2018-03-06,1012,23890,11779
2018-03-20,900,19296,12443
2018-03-23,753,21065,9151
2018-03-07,1168,41961,15163
2018-03-27,910,19724,9666
2018-03-21,955,21226,10037
2018-04-15,555,13624,8099
2018-04-28,594,18345,7725
2018-04-21,544,14077,7151
2018-04-14,491,12909,7366
2018-04-01,655,17571,7724
2018-04-29,592,17030,8552
2018-04-25,859,37197,10570
2018-04-08,552,12798,7244
2018-04-11,714,14695,7689
2018-04-07,594,13369,6468
2018-04-05,882,17181,10547
2018-04-30,815,19314,8451
2018-04-20,815,17830,9639
2018-04-06,769,17731,9755
2018-04-22,533,17377,7667
2018-04-26,854,20536,9539
2018-04-27,740,20551,8161
2018-04-13,792,20179,11200
2018-04-10,803,16469,7800
2018-04-19,852,19392,10478
2018-04-17,1012,20628,11819
2018-04-09,756,20011,9198
2018-04-04,801,14565,9268
2018-04-12,814,18885,11535
2018-04-02,738,13879,6717
2018-04-23,857,19075,9849
2018-04-24,982,24895,12873
2018-04-18,864,23379,9966
2018-04-03,874,20709,9133
2018-04-16,783,13827,8956
2018-05-26,542,14908,4008
2018-05-27,459,13031,5782
2018-05-13,631,17749,6886
2018-05-19,546,7702,4276
2018-05-06,531,11676,7032
2018-05-20,475,9354,5992
2018-05-12,541,13650,5993
2018-05-04,822,18466,10255
2018-05-10,800,23094,7890
2018-05-05,527,14229,6437
2018-05-18,786,14142,6990
2018-05-21,714,11735,6413
2018-05-07,813,19392,8187
2018-05-02,843,19305,8351
2018-05-29,787,11167,7096
2018-05-31,798,14115,6997
2018-05-24,640,11669,6395
2018-05-25,708,25158,5903
2018-05-17,840,15669,7561
2018-05-28,599,11412,7286
2018-05-08,921,20986,10193
2018-05-11,791,16241,8209
2018-05-09,814,20216,8511
2018-05-01,822,16960,7827
2018-05-16,862,15416,7444
2018-05-23,717,14521,8330
2018-05-03,930,18479,10368
2018-05-14,892,16019,7229
2018-05-15,939,17895,7132
2018-05-22,728,12076,7217
2018-05-30,759,12038,5878
