"hour","posts","score","comments","topposts","Score","Posts","TopPosts","scoreperpost","ScorePerPost"
"00",10600,203384,76940,90,2.87769214138645,3.76193349185506,3.19715808170515,19.1871698113208,3.21659237341789
"01",9838,212626,74159,84,3.00845774128956,3.49150015970472,2.98401420959147,21.6127261638544,3.62321962181238
"02",9516,219763,82132,90,3.10943957276634,3.37722255740498,3.19715808170515,23.0940521227406,3.87155336924646
"03",9275,216502,80494,99,3.06329949255816,3.29169180537318,3.51687388987567,23.3425336927224,3.91320953484033
"04",8830,224563,75706,90,3.17735505421353,3.13376157859247,3.19715808170515,25.4318233295583,4.26346406314197
"05",8580,213559,76277,85,3.02165881299585,3.04503673208645,3.01953818827709,24.8903263403263,4.1726859492815
"06",8781,229013,711399,69,3.24031836513853,3.11637150867729,2.45115452930728,26.0805147477508,4.37221255961009
"07",8403,174598,65560,84,2.47039733952421,2.98221954076019,2.98401420959147,20.7780554563846,3.4832930219874
"08",8761,203067,68146,102,2.87320688979921,3.10927352095681,3.6234458259325,23.1785184339687,3.88571354477932
"09",9431,204711,65055,82,2.89646794219487,3.34705610959293,2.91296625222025,21.7061817410667,3.63888678376854
"10",10074,268372,76913,106,3.79721116394684,3.5752564148064,3.76554174067496,26.6400635298789,4.46601692798997
"11",10301,289473,86772,122,4.09577045020041,3.65581857543386,4.33392539964476,28.1014464615086,4.71100736893294
"12",11628,351034,88326,129,4.96680064881923,4.12677006068779,4.58259325044405,30.1886824905401,5.06091762451136
"13",13102,443817,119100,170,6.27959275613475,4.64989175568726,6.03907637655417,33.8739887040147,5.67873296552001
"14",14503,382822,119395,162,5.41657092470324,5.14710579550697,5.75488454706927,26.3960559884162,4.42511080141458
"15",15649,468630,131011,187,6.63067334804081,5.55382049189055,6.64298401420959,29.9463224487188,5.02028768951784
"16",15672,409762,122771,165,5.79774656432558,5.5619831777691,5.86145648312611,26.1461204696274,4.3832108916578
"17",15507,336567,113024,157,4.76210621754913,5.50342477907513,5.57726465364121,21.704198104082,3.63855424115495
"18",15661,441696,118359,148,6.24958260277027,5.55807928452284,5.25754884547069,28.203562990869,4.72812647783596
"19",14896,404971,110351,138,5.72995842440611,5.28658125421443,4.90230905861457,27.1865601503759,4.55763319442611
"20",14432,297006,98903,119,4.20235530889659,5.12190793909927,4.22735346358792,20.5796840354767,3.45003746601582
"21",13544,305842,98103,112,4.32737639099395,4.8067572843099,3.97868561278863,22.5813644418193,3.78560493075273
"22",12989,296659,94967,110,4.1974455855503,4.60978812506654,3.90763765541741,22.839248594965,3.82883737245158
"23",11797,269171,87344,115,3.80851626179607,4.18674805692586,4.08525754884547,22.8169026023565,3.82509122593245
