"month","type","num_comments","score","post","monthscore","score.p"
"2017-08","Articles",3122,11039,1969,124692,8.85301382606743
"2017-08","image",7664,31020,634,124692,24.8772976614378
"2017-08","Misc",6500,21084,2853,124692,16.908863439515
"2017-08","other reddit",644,2190,174,124692,1.75632759118468
"2017-08","self.cc",51026,51102,5984,124692,40.9825810797806
"2017-08","twitter",1539,4273,221,124692,3.42684374298271
"2017-08","video",1184,3984,740,124692,3.19507265903185
"2017-09","Articles",4910,19741,1936,197791,9.98073724284725
"2017-09","image",13318,64311,1158,197791,32.5146240223266
"2017-09","Misc",9064,30612,3479,197791,15.4769428335971
"2017-09","other reddit",857,3288,221,197791,1.66236077475719
"2017-09","self.cc",54611,57656,6631,197791,29.1499613228104
"2017-09","twitter",3235,10770,293,197791,5.44514158884884
"2017-09","video",3101,11413,977,197791,5.77023221481261
"2017-10","Articles",5335,17429,2455,190607,9.14394539549964
"2017-10","image",16388,58761,1111,190607,30.8283536281459
"2017-10","Misc",10692,32303,4762,190607,16.947436348088
"2017-10","other reddit",1541,3952,270,190607,2.07337610895717
"2017-10","self.cc",61749,55952,6822,190607,29.3546407004989
"2017-10","twitter",2489,8266,360,190607,4.33667179064777
"2017-10","video",3564,13944,1285,190607,7.31557602816266
"2017-11","Articles",7464,30151,2865,320510,9.40719478331409
"2017-11","image",25354,116376,1943,320510,36.3096315247574
"2017-11","Misc",14492,48600,5531,320510,15.1633334373342
"2017-11","other reddit",1627,4982,400,320510,1.55439767869957
"2017-11","self.cc",105458,95072,10953,320510,29.6627250319803
"2017-11","twitter",3783,12340,530,320510,3.85011388100215
"2017-11","video",3093,12989,1486,320510,4.05260366291223
"2017-12","Articles",14780,53540,2990,920662,5.81538067173403
"2017-12","image",74054,445007,4492,920662,48.3355455096441
"2017-12","Misc",29827,118201,7129,920662,12.8386965031684
"2017-12","other reddit",4355,18702,842,920662,2.03136438779921
"2017-12","self.cc",216754,224882,23602,920662,24.4261194662102
"2017-12","twitter",10215,35249,876,920662,3.82865807429871
"2017-12","video",7997,25081,2328,920662,2.72423538714534
"2018-01","Articles",25478,139991,2833,2117045,6.61256610038993
"2018-01","image",109906,689686,8010,2117045,32.5777675958707
"2018-01","Misc",68373,292516,11381,2117045,13.8171838576884
"2018-01","other reddit",8994,42480,2054,2117045,2.00657047913483
"2018-01","self.cc",509056,723890,34046,2117045,34.1934158225262
"2018-01","twitter",26783,136898,1448,2117045,6.46646623005179
"2018-01","video",22255,91584,3694,2117045,4.32602991433815
"2018-02","Articles",22451,105655,2493,1380370,7.65410723211892
"2018-02","image",84688,613636,4729,1380370,44.4544578627469
"2018-02","Misc",46817,182889,8563,1380370,13.2492737454451
"2018-02","other reddit",5323,24264,1436,1380370,1.75778957815658
"2018-02","self.cc",281785,305580,14831,1380370,22.1375428327188
"2018-02","twitter",17113,82477,968,1380370,5.97499221223295
"2018-02","video",16366,65869,2740,1380370,4.77183653658077
"2018-03","Articles",18371,78407,2761,789433,9.93206516575821
"2018-03","image",51665,289091,2868,789433,36.6200804881478
"2018-03","Misc",41364,159026,7836,789433,20.1443314378801
"2018-03","other reddit",2788,8626,1201,789433,1.09268297626271
"2018-03","self.cc",179051,146652,9578,789433,18.5768773284117
"2018-03","twitter",13291,51819,754,789433,6.56407826883345
"2018-03","video",12296,55812,2181,789433,7.06988433470605
"2018-04","Articles",19983,92645,2391,548028,16.9051581306065
"2018-04","image",34577,137073,2001,548028,25.0120431802755
"2018-04","Misc",39535,139289,7205,548028,25.4164020816455
"2018-04","other reddit",2286,8310,1140,548028,1.51634588013751
"2018-04","self.cc",154452,113453,7247,548028,20.702044421088
"2018-04","twitter",11010,33853,807,548028,6.17723911916909
"2018-04","video",9296,23405,1695,548028,4.27076718707803
"2018-05","Articles",23514,99766,2777,478470,20.8510460425941
"2018-05","image",21449,102819,1720,478470,21.4891215750204
"2018-05","Misc",36795,126592,7514,478470,26.4576671473656
"2018-05","other reddit",1890,6323,1034,478470,1.32150396054089
"2018-05","self.cc",119541,81227,7038,478470,16.9764039542709
"2018-05","twitter",10709,33718,815,478470,7.04704579179468
"2018-05","video",10170,28025,1679,478470,5.85721152841348
